{
  "project_info": {
    "project_number": "308107423643",
    "project_id": "sd-arpin",
    "storage_bucket": "sd-arpin.appspot.com"
  },
  "client": [
    {
      "client_info": {
        "mobilesdk_app_id": "1:308107423643:android:88837b5426b7f5f6007b3e",
        "android_client_info": {
          "package_name": "com.example.ar_pin"
        }
      },
      "oauth_client": [],
      "api_key": [
        {
          "current_key": "AIzaSyBxf0iXIHpOqoEppZ_0Jz7_Mx8FcAxQxYY"
        }
      ],
      "services": {
        "appinvite_service": {
          "other_platform_oauth_client": []
        }
      }
    }
  ],
  "configuration_version": "1"
}